Country,Year,Productivity
Australia,1970,26.841344
Australia,1971,27.511634
Australia,1972,28.11866
Australia,1973,28.698975
Australia,1974,28.238353
Australia,1975,29.283786
Australia,1976,29.771893
Australia,1977,29.737149
Australia,1978,30.993761
Australia,1979,31.1521
Australia,1980,31.5015
Australia,1981,32.410372
Australia,1982,32.798311
Australia,1983,33.697552
Australia,1984,34.438392
Australia,1985,34.352588
Australia,1986,34.374815
Australia,1987,35.113088
Australia,1988,35.007466
Australia,1989,35.123825
Australia,1990,35.681528
Australia,1991,36.501738
Australia,1992,37.624969
Australia,1993,37.706627
Australia,1994,37.791395
Australia,1995,38.92517
Australia,1996,40.274168
Australia,1997,41.638183
Australia,1998,42.956218
Australia,1999,43.322277
Australia,2000,43.813437
Australia,2001,45.338482
Australia,2002,46.025462
Australia,2003,47.089456
Australia,2004,46.931496
Australia,2005,47.099677
Australia,2006,47.342066
Australia,2007,47.873036
Australia,2008,49.523676
Australia,2009,49.111719
Australia,2010,49.886548
Australia,2011,50.465688
Australia,2012,51.671243
Australia,2013,52.558753
Australia,2014,52.780926
Australia,2015,54.099648
Australia,2016,53.945416
Australia,2017,54.561035
Australia,2018,54.571184
Australia,2019,55.233491
Australia,2020,56.276696
Australia,2021,56.832165
Australia,2022,56.145609
Austria,1995,51.115702
Austria,1996,51.167358
Austria,1997,51.618888
Austria,1998,53.570716
Austria,1999,54.527023
Austria,2000,55.82424
Austria,2001,56.53665
Austria,2002,57.608439
Austria,2003,58.062767
Austria,2004,59.197002
Austria,2005,60.623506
Austria,2006,62.235253
Austria,2007,63.797008
Austria,2008,63.799879
Austria,2009,63.352297
Austria,2010,64.310644
Austria,2011,64.948767
Austria,2012,65.654895
Austria,2013,66.07724
Austria,2014,66.314312
Austria,2015,67.261798
Austria,2016,67.177258
Austria,2017,68.003808
Austria,2018,68.321268
Austria,2019,68.266962
Austria,2020,69.965486
Austria,2021,69.797178
Austria,2022,71.153119
Belgium,1970,27.497166
Belgium,1971,28.485856
Belgium,1972,30.468756
Belgium,1973,32.532014
Belgium,1974,33.924965
Belgium,1975,34.141031
Belgium,1976,36.207479
Belgium,1977,37.115528
Belgium,1978,38.507129
Belgium,1979,39.422417
Belgium,1980,41.729091
Belgium,1981,42.974937
Belgium,1982,44.17632
Belgium,1983,44.7383
Belgium,1984,45.213096
Belgium,1985,45.575369
Belgium,1986,46.657876
Belgium,1987,47.821332
Belgium,1988,49.479833
Belgium,1989,50.695138
Belgium,1990,51.285906
Belgium,1991,53.247397
Belgium,1992,54.911491
Belgium,1993,56.284298
Belgium,1994,58.348072
Belgium,1995,58.593596
Belgium,1996,59.324556
Belgium,1997,60.888272
Belgium,1998,61.322735
Belgium,1999,62.591788
Belgium,2000,63.08917
Belgium,2001,63.233672
Belgium,2002,63.667303
Belgium,2003,64.204011
Belgium,2004,66.278551
Belgium,2005,67.287921
Belgium,2006,67.637137
Belgium,2007,68.887444
Belgium,2008,68.464336
Belgium,2009,68.020751
Belgium,2010,69.053627
Belgium,2011,68.581978
Belgium,2012,68.923207
Belgium,2013,69.517696
Belgium,2014,70.513657
Belgium,2015,71.604653
Belgium,2016,71.674769
Belgium,2017,71.534022
Belgium,2018,71.681631
Belgium,2019,72.273908
Belgium,2020,74.555892
Belgium,2021,73.726643
Belgium,2022,74.606338
Canada,1970,28.553067
Canada,1971,29.269246
Canada,1972,30.285722
Canada,1973,30.976368
Canada,1974,30.998042
Canada,1975,31.379024
Canada,1976,33.232235
Canada,1977,34.186269
Canada,1978,34.455588
Canada,1979,34.121059
Canada,1980,34.027801
Canada,1981,34.483961
Canada,1982,34.95985
Canada,1983,35.772644
Canada,1984,36.744884
Canada,1985,37.074654
Canada,1986,36.758123
Canada,1987,36.928036
Canada,1988,37.281976
Canada,1989,37.371447
Canada,1990,37.329579
Canada,1991,37.657788
Canada,1992,38.428156
Canada,1993,39.205668
Canada,1994,39.985071
Canada,1995,40.473261
Canada,1996,40.384258
Canada,1997,41.026076
Canada,1998,41.799436
Canada,1999,42.871423
Canada,2000,44.242198
Canada,2001,44.95294
Canada,2002,45.677371
Canada,2003,45.774403
Canada,2004,46.155246
Canada,2005,47.176536
Canada,2006,47.770347
Canada,2007,47.793614
Canada,2008,47.68711
Canada,2009,47.844174
Canada,2010,48.363874
Canada,2011,49.207519
Canada,2012,49.199419
Canada,2013,49.910705
Canada,2014,51.335848
Canada,2015,51.234357
Canada,2016,51.579956
Canada,2017,52.390492
Canada,2018,52.46517
Canada,2019,52.695282
Canada,2020,56.849639
Canada,2021,53.913039
Canada,2022,53.30759
Czech Republic,1993,21.580209
Czech Republic,1994,22.178276
Czech Republic,1995,23.555989
Czech Republic,1996,24.464831
Czech Republic,1997,24.396092
Czech Republic,1998,24.433029
Czech Republic,1999,24.918613
Czech Republic,2000,25.998047
Czech Republic,2001,27.994158
Czech Republic,2002,28.429678
Czech Republic,2003,29.901424
Czech Republic,2004,31.147574
Czech Republic,2005,32.765277
Czech Republic,2006,34.781571
Czech Republic,2007,36.256014
Czech Republic,2008,36.139167
Czech Republic,2009,35.303035
Czech Republic,2010,36.128328
Czech Republic,2011,36.734795
Czech Republic,2012,36.886973
Czech Republic,2013,37.004724
Czech Republic,2014,37.432375
Czech Republic,2015,39.390083
Czech Republic,2016,39.251558
Czech Republic,2017,40.595969
Czech Republic,2018,41.161265
Czech Republic,2019,42.272668
Czech Republic,2020,43.289836
Czech Republic,2021,43.48247
Czech Republic,2022,42.997912
Denmark,1970,27.472263
Denmark,1971,28.866758
Denmark,1972,30.399818
Denmark,1973,32.058011
Denmark,1974,32.263526
Denmark,1975,33.589438
Denmark,1976,34.830328
Denmark,1977,36.121419
Denmark,1978,37.157283
Denmark,1979,38.436488
Denmark,1980,38.140141
Denmark,1981,39.262832
Denmark,1982,40.358549
Denmark,1983,41.560958
Denmark,1984,42.8173
Denmark,1985,43.900178
Denmark,1986,44.851916
Denmark,1987,45.762837
Denmark,1988,46.660917
Denmark,1989,47.63771
Denmark,1990,49.031726
Denmark,1991,50.313361
Denmark,1992,51.179633
Denmark,1993,52.15734
Denmark,1994,55.487238
Denmark,1995,56.312932
Denmark,1996,57.655533
Denmark,1997,58.073442
Denmark,1998,58.006556
Denmark,1999,58.597376
Denmark,2000,59.954667
Denmark,2001,59.743007
Denmark,2002,60.234191
Denmark,2003,61.228274
Denmark,2004,63.183454
Denmark,2005,64.048343
Denmark,2006,64.892447
Denmark,2007,65.012119
Denmark,2008,64.044269
Denmark,2009,63.453957
Denmark,2010,65.937261
Denmark,2011,66.165566
Denmark,2012,67.430176
Denmark,2013,67.960405
Denmark,2014,69.036988
Denmark,2015,70.022816
Denmark,2016,70.856515
Denmark,2017,72.180878
Denmark,2018,73.769587
Denmark,2019,74.317394
Denmark,2020,75.083567
Denmark,2021,75.831338
Denmark,2022,75.315683
Finland,1970,17.888889
Finland,1971,18.765611
Finland,1972,20.199204
Finland,1973,21.388919
Finland,1974,22.076618
Finland,1975,23.445021
Finland,1976,23.78017
Finland,1977,24.38463
Finland,1978,25.260586
Finland,1979,26.821717
Finland,1980,27.764016
Finland,1981,27.77239
Finland,1982,28.576809
Finland,1983,29.730222
Finland,1984,30.666096
Finland,1985,31.710419
Finland,1986,33.021489
Finland,1987,33.727692
Finland,1988,35.297664
Finland,1989,36.671393
Finland,1990,37.547856
Finland,1991,37.827547
Finland,1992,39.217425
Finland,1993,41.346114
Finland,1994,43.169754
Finland,1995,43.946963
Finland,1996,44.839456
Finland,1997,46.225308
Finland,1998,48.080303
Finland,1999,49.182815
Finland,2000,51.312409
Finland,2001,52.300822
Finland,2002,52.775143
Finland,2003,53.900389
Finland,2004,55.715585
Finland,2005,56.763097
Finland,2006,58.143659
Finland,2007,60.034517
Finland,2008,59.335913
Finland,2009,56.693486
Finland,2010,58.660065
Finland,2011,59.486305
Finland,2012,58.538786
Finland,2013,58.728704
Finland,2014,58.865612
Finland,2015,59.318425
Finland,2016,60.743529
Finland,2017,62.263776
Finland,2018,61.531074
Finland,2019,61.480236
Finland,2020,61.524668
Finland,2021,61.918084
Finland,2022,62.806056
France,1970,23.895838
France,1971,25.08375
France,1972,26.770467
France,1973,28.316172
France,1974,29.760027
France,1975,30.117225
France,1976,30.736344
France,1977,32.177911
France,1978,33.831663
France,1979,34.864781
France,1980,35.437723
France,1981,36.265538
France,1982,38.617471
France,1983,39.556884
France,1984,40.521273
France,1985,42.149867
France,1986,43.080524
France,1987,43.50535
France,1988,44.910327
France,1989,46.511042
France,1990,47.626606
France,1991,48.223343
France,1992,49.384037
France,1993,49.843589
France,1994,50.872062
France,1995,52.137055
France,1996,52.705155
France,1997,53.577234
France,1998,54.902497
France,1999,55.693666
France,2000,57.168797
France,2001,58.238429
France,2002,59.938668
France,2003,60.280773
France,2004,60.946954
France,2005,61.487911
France,2006,63.018745
France,2007,62.723395
France,2008,62.323215
France,2009,61.685771
France,2010,62.484285
France,2011,63.109941
France,2012,63.316137
France,2013,64.173601
France,2014,64.791079
France,2015,65.316731
France,2016,65.499243
France,2017,66.881126
France,2018,67.155153
France,2019,67.417144
France,2020,67.757324
France,2021,66.745494
France,2022,65.646066
Germany,1970,24.997145
Germany,1971,26.088089
Germany,1972,27.388072
Germany,1973,28.785134
Germany,1974,29.947238
Germany,1975,31.074
Germany,1976,32.522757
Germany,1977,33.862079
Germany,1978,34.907447
Germany,1979,35.906958
Germany,1980,36.209255
Germany,1981,36.81123
Germany,1982,37.192097
Germany,1983,38.412381
Germany,1984,39.426925
Germany,1985,40.336667
Germany,1986,40.947861
Germany,1987,41.507998
Germany,1988,42.578714
Germany,1989,44.060484
Germany,1990,45.617388
Germany,1991,47.203373
Germany,1992,48.408308
Germany,1993,49.35082
Germany,1994,50.628
Germany,1995,51.390581
Germany,1996,52.255597
Germany,1997,53.53631
Germany,1998,54.081496
Germany,1999,54.695538
Germany,2000,56.051436
Germany,2001,57.4591
Germany,2002,57.991792
Germany,2003,58.437853
Germany,2004,58.970058
Germany,2005,59.900695
Germany,2006,60.858653
Germany,2007,61.577685
Germany,2008,61.593702
Germany,2009,59.739676
Germany,2010,61.116778
Germany,2011,62.706421
Germany,2012,63.093299
Germany,2013,63.392823
Germany,2014,64.049842
Germany,2015,64.376152
Germany,2016,65.248665
Germany,2017,66.411797
Germany,2018,66.549287
Germany,2019,67.055996
Germany,2020,67.714113
Germany,2021,68.303361
Germany,2022,68.633907
Greece,1983,26.776155
Greece,1984,28.323565
Greece,1985,28.082327
Greece,1986,28.29058
Greece,1987,28.250953
Greece,1988,29.147472
Greece,1989,29.528624
Greece,1990,29.468391
Greece,1991,30.47289
Greece,1992,29.855302
Greece,1993,28.853079
Greece,1994,29.364841
Greece,1995,29.971554
Greece,1996,31.025223
Greece,1997,32.56682
Greece,1998,32.403787
Greece,1999,33.445211
Greece,2000,34.596764
Greece,2001,36.007593
Greece,2002,36.664492
Greece,2003,38.291115
Greece,2004,39.450189
Greece,2005,38.332983
Greece,2006,39.980724
Greece,2007,41.017727
Greece,2008,40.454933
Greece,2009,39.403019
Greece,2010,39.041018
Greece,2011,36.286315
Greece,2012,34.411592
Greece,2013,33.629296
Greece,2014,33.419253
Greece,2015,34.620568
Greece,2016,33.18651
Greece,2017,33.648638
Greece,2018,32.475541
Greece,2019,33.114258
Greece,2020,33.973502
Greece,2021,33.499694
Greece,2022,33.60156
Hungary,1991,16.704119
Hungary,1992,18.079939
Hungary,1993,19.17833
Hungary,1994,18.823015
Hungary,1995,21.751516
Hungary,1996,21.834358
Hungary,1997,22.199732
Hungary,1998,22.967387
Hungary,1999,23.126167
Hungary,2000,24.261878
Hungary,2001,25.660983
Hungary,2002,27.120808
Hungary,2003,28.099839
Hungary,2004,29.787292
Hungary,2005,31.711223
Hungary,2006,33.059351
Hungary,2007,33.880508
Hungary,2008,34.775614
Hungary,2009,33.729408
Hungary,2010,34.16158
Hungary,2011,35.064454
Hungary,2012,34.615419
Hungary,2013,34.885635
Hungary,2014,34.479125
Hungary,2015,35.030998
Hungary,2016,34.239239
Hungary,2017,35.285256
Hungary,2018,36.715239
Hungary,2019,38.24754
Hungary,2020,38.373289
Hungary,2021,39.931329
Hungary,2022,40.764227
Iceland,1970,19.685898
Iceland,1971,21.670202
Iceland,1972,22.74772
Iceland,1973,23.869513
Iceland,1974,24.737615
Iceland,1975,24.772111
Iceland,1976,25.789366
Iceland,1977,28.627861
Iceland,1978,30.111211
Iceland,1979,31.597969
Iceland,1980,32.59542
Iceland,1981,32.422195
Iceland,1982,32.246767
Iceland,1983,31.266066
Iceland,1984,32.147949
Iceland,1985,32.057915
Iceland,1986,33.172702
Iceland,1987,34.070179
Iceland,1988,34.922556
Iceland,1989,35.624417
Iceland,1990,36.598448
Iceland,1991,36.460144
Iceland,1992,34.945867
Iceland,1993,35.382993
Iceland,1994,36.525802
Iceland,1995,36.115595
Iceland,1996,37.281082
Iceland,1997,39.007073
Iceland,1998,41.15579
Iceland,1999,41.74796
Iceland,2000,42.954892
Iceland,2001,44.570648
Iceland,2002,45.424657
Iceland,2003,46.932506
Iceland,2004,50.125586
Iceland,2005,51.613242
Iceland,2006,52.938942
Iceland,2007,56.118409
Iceland,2008,54.473883
Iceland,2009,57.958666
Iceland,2010,57.363205
Iceland,2011,57.412617
Iceland,2012,57.495299
Iceland,2013,58.702973
Iceland,2014,58.676681
Iceland,2015,59.662657
Iceland,2016,60.324542
Iceland,2017,60.815593
Iceland,2018,62.370889
Iceland,2019,64.259809
Iceland,2020,64.041254
Iceland,2021,65.419277
Iceland,2022,65.131906
Ireland,1970,15.709774
Ireland,1971,16.188173
Ireland,1972,17.606502
Ireland,1973,18.278519
Ireland,1974,19.097062
Ireland,1975,20.425522
Ireland,1976,20.948709
Ireland,1977,22.265781
Ireland,1978,23.815787
Ireland,1979,23.589294
Ireland,1980,24.99454
Ireland,1981,26.29076
Ireland,1982,27.093776
Ireland,1983,27.40167
Ireland,1984,29.385724
Ireland,1985,30.321714
Ireland,1986,29.877291
Ireland,1987,31.394319
Ireland,1988,32.8878
Ireland,1989,34.718587
Ireland,1990,36.279396
Ireland,1991,37.736947
Ireland,1992,39.628364
Ireland,1993,40.629294
Ireland,1994,41.614516
Ireland,1995,43.665613
Ireland,1996,45.413923
Ireland,1997,48.508302
Ireland,1998,48.34328
Ireland,1999,50.788983
Ireland,2000,53.595851
Ireland,2001,55.564244
Ireland,2002,58.452509
Ireland,2003,60.084525
Ireland,2004,62.683128
Ireland,2005,63.307562
Ireland,2006,64.378949
Ireland,2007,66.050103
Ireland,2008,65.004922
Ireland,2009,69.321202
Ireland,2010,73.594177
Ireland,2011,75.553124
Ireland,2012,76.113393
Ireland,2013,74.123158
Ireland,2014,77.947512
Ireland,2015,94.034775
Ireland,2016,91.255548
Ireland,2017,95.477559
Ireland,2018,99.940893
Ireland,2019,102.330547
Ireland,2020,120.28143
Ireland,2021,128.214179
Ireland,2022,132.212
Italy,1970,25.305958
Italy,1971,26.437249
Italy,1972,27.746943
Italy,1973,29.552664
Italy,1974,31.189036
Italy,1975,30.761906
Italy,1976,32.659563
Italy,1977,34.014956
Italy,1978,35.189797
Italy,1979,37.006676
Italy,1980,37.709445
Italy,1981,37.930318
Italy,1982,37.77805
Italy,1983,38.111703
Italy,1984,39.562281
Italy,1985,40.363743
Italy,1986,41.048174
Italy,1987,41.833545
Italy,1988,43.041769
Italy,1989,44.572499
Italy,1990,45.001814
Italy,1991,45.022633
Italy,1992,45.652707
Italy,1993,46.516213
Italy,1994,48.470113
Italy,1995,49.907066
Italy,1996,49.964089
Italy,1997,50.886196
Italy,1998,50.921112
Italy,1999,51.279218
Italy,2000,52.751834
Italy,2001,53.105591
Italy,2002,52.689151
Italy,2003,52.31578
Italy,2004,52.754499
Italy,2005,52.990201
Italy,2006,52.873541
Italy,2007,52.833352
Italy,2008,52.532095
Italy,2009,51.485627
Italy,2010,52.656139
Italy,2011,53.011615
Italy,2012,52.728249
Italy,2013,53.147359
Italy,2014,53.189636
Italy,2015,53.221214
Italy,2016,53.057615
Italy,2017,53.399887
Italy,2018,53.393274
Italy,2019,53.658554
Italy,2020,55.31628
Italy,2021,54.739397
Italy,2022,54.594919
Japan,1970,13.913013
Japan,1971,14.490585
Japan,1972,15.705665
Japan,1973,16.795891
Japan,1974,17.159121
Japan,1975,17.943132
Japan,1976,18.365817
Japan,1977,18.935959
Japan,1978,19.797496
Japan,1979,20.641463
Japan,1980,21.12694
Japan,1981,22.016203
Japan,1982,22.575418
Japan,1983,23.145117
Japan,1984,23.93548
Japan,1985,25.21423
Japan,1986,25.862897
Japan,1987,26.971293
Japan,1988,28.492223
Japan,1989,29.774673
Japan,1990,31.293218
Japan,1991,32.274529
Japan,1992,32.742608
Japan,1993,33.492015
Japan,1994,33.941482
Japan,1995,34.972729
Japan,1996,35.880452
Japan,1997,36.494536
Japan,1998,36.903426
Japan,1999,37.939032
Japan,2000,39.036502
Japan,2001,39.591999
Japan,2002,40.321568
Japan,2003,40.896276
Japan,2004,41.879018
Japan,2005,42.485925
Japan,2006,42.554532
Japan,2007,42.869805
Japan,2008,42.745248
Japan,2009,42.137637
Japan,2010,43.440399
Japan,2011,43.713823
Japan,2012,44.192081
Japan,2013,45.179653
Japan,2014,45.259761
Japan,2015,46.169987
Japan,2016,46.216381
Japan,2017,46.638749
Japan,2018,46.924771
Japan,2019,47.335577
Japan,2020,46.882593
Japan,2021,47.615536
Japan,2022,48.047136
"Korea, Republic of (South Korea)",2011,33.018412
"Korea, Republic of (South Korea)",2012,33.49794
"Korea, Republic of (South Korea)",2013,34.297771
"Korea, Republic of (South Korea)",2014,35.078704
"Korea, Republic of (South Korea)",2015,35.557786
"Korea, Republic of (South Korea)",2016,36.548081
"Korea, Republic of (South Korea)",2017,38.180564
"Korea, Republic of (South Korea)",2018,39.639258
"Korea, Republic of (South Korea)",2019,40.609311
"Korea, Republic of (South Korea)",2020,41.905448
"Korea, Republic of (South Korea)",2021,43.007868
"Korea, Republic of (South Korea)",2022,43.029939
Luxembourg,1970,46.34691
Luxembourg,1971,46.191178
Luxembourg,1972,48.488393
Luxembourg,1973,52.389258
Luxembourg,1974,53.828135
Luxembourg,1975,50.472484
Luxembourg,1976,51.33199
Luxembourg,1977,52.926793
Luxembourg,1978,55.969247
Luxembourg,1979,57.547685
Luxembourg,1980,58.183288
Luxembourg,1981,58.524015
Luxembourg,1982,59.973709
Luxembourg,1983,62.175483
Luxembourg,1984,66.197945
Luxembourg,1985,66.845557
Luxembourg,1986,72.187116
Luxembourg,1987,73.127734
Luxembourg,1988,76.060635
Luxembourg,1989,81.277089
Luxembourg,1990,82.14235
Luxembourg,1991,86.739651
Luxembourg,1992,87.073564
Luxembourg,1993,88.780059
Luxembourg,1994,90.948597
Luxembourg,1995,89.29036
Luxembourg,1996,89.521784
Luxembourg,1997,90.955873
Luxembourg,1998,93.057507
Luxembourg,1999,96.297881
Luxembourg,2000,97.459711
Luxembourg,2001,95.733237
Luxembourg,2002,96.465052
Luxembourg,2003,97.170243
Luxembourg,2004,98.973858
Luxembourg,2005,99.957636
Luxembourg,2006,102.035068
Luxembourg,2007,104.743364
Luxembourg,2008,99.685834
Luxembourg,2009,99.484621
Luxembourg,2010,101.160094
Luxembourg,2011,99.378768
Luxembourg,2012,98.989858
Luxembourg,2013,100.800784
Luxembourg,2014,100.550424
Luxembourg,2015,99.777819
Luxembourg,2016,101.763319
Luxembourg,2017,100.25682
Luxembourg,2018,98.578393
Luxembourg,2019,97.821744
Luxembourg,2020,101.10009
Luxembourg,2021,99.030161
Luxembourg,2022,96.778867
Mexico,1991,19.779529
Mexico,1992,19.881873
Mexico,1993,19.80269
Mexico,1994,19.759341
Mexico,1995,18.538649
Mexico,1996,18.748189
Mexico,1997,18.531243
Mexico,1998,19.622722
Mexico,1999,19.27401
Mexico,2000,20.408184
Mexico,2001,20.546467
Mexico,2002,19.608957
Mexico,2003,20.222358
Mexico,2004,20.500537
Mexico,2005,18.773197
Mexico,2006,19.139057
Mexico,2007,19.361361
Mexico,2008,19.244617
Mexico,2009,18.100579
Mexico,2010,18.747871
Mexico,2011,19.079918
Mexico,2012,19.233563
Mexico,2013,19.227183
Mexico,2014,19.713514
Mexico,2015,19.841226
Mexico,2016,20.216638
Mexico,2017,20.329696
Mexico,2018,20.194667
Mexico,2019,19.706478
Mexico,2020,19.615134
Mexico,2021,18.903278
Mexico,2022,18.664721
Netherlands,1970,30.188069
Netherlands,1971,31.735818
Netherlands,1972,32.75451
Netherlands,1973,34.926387
Netherlands,1974,37.299756
Netherlands,1975,38.553631
Netherlands,1976,40.481033
Netherlands,1977,41.730314
Netherlands,1978,42.894772
Netherlands,1979,43.429601
Netherlands,1980,44.102272
Netherlands,1981,43.953167
Netherlands,1982,44.46766
Netherlands,1983,46.243744
Netherlands,1984,47.521576
Netherlands,1985,48.393315
Netherlands,1986,49.053812
Netherlands,1987,49.653991
Netherlands,1988,50.553944
Netherlands,1989,51.584512
Netherlands,1990,52.330703
Netherlands,1991,52.96181
Netherlands,1992,52.861959
Netherlands,1993,53.709848
Netherlands,1994,54.653657
Netherlands,1995,53.830722
Netherlands,1996,54.029715
Netherlands,1997,55.222705
Netherlands,1998,56.578693
Netherlands,1999,57.827451
Netherlands,2000,59.696492
Netherlands,2001,60.299505
Netherlands,2002,60.739628
Netherlands,2003,61.541637
Netherlands,2004,62.603024
Netherlands,2005,64.097939
Netherlands,2006,65.051296
Netherlands,2007,65.632495
Netherlands,2008,66.009294
Netherlands,2009,64.520326
Netherlands,2010,65.852731
Netherlands,2011,66.274742
Netherlands,2012,66.176095
Netherlands,2013,66.678971
Netherlands,2014,67.172705
Netherlands,2015,67.832959
Netherlands,2016,67.727181
Netherlands,2017,68.095551
Netherlands,2018,67.876916
Netherlands,2019,67.422659
Netherlands,2020,66.689781
Netherlands,2021,67.704215
Netherlands,2022,68.00092
New Zealand,1970,23.849362
New Zealand,1971,24.502633
New Zealand,1972,25.679076
New Zealand,1973,26.803273
New Zealand,1974,27.082564
New Zealand,1975,26.381622
New Zealand,1976,26.223723
New Zealand,1977,24.740011
New Zealand,1978,25.077175
New Zealand,1979,25.413273
New Zealand,1980,25.914029
New Zealand,1981,27.197482
New Zealand,1982,27.10583
New Zealand,1983,27.518311
New Zealand,1984,28.171638
New Zealand,1985,27.746609
New Zealand,1986,26.947466
New Zealand,1987,27.251724
New Zealand,1988,28.854662
New Zealand,1989,30.167538
New Zealand,1990,31.239337
New Zealand,1991,30.692501
New Zealand,1992,31.861738
New Zealand,1993,32.602342
New Zealand,1994,32.78373
New Zealand,1995,33.042213
New Zealand,1996,33.150303
New Zealand,1997,34.286387
New Zealand,1998,33.739451
New Zealand,1999,34.132083
New Zealand,2000,35.182969
New Zealand,2001,35.847775
New Zealand,2002,36.534192
New Zealand,2003,37.226931
New Zealand,2004,37.070365
New Zealand,2005,36.982281
New Zealand,2006,37.446902
New Zealand,2007,38.923435
New Zealand,2008,37.678837
New Zealand,2009,39.66921
New Zealand,2010,39.334324
New Zealand,2011,40.079582
New Zealand,2012,41.578263
New Zealand,2013,40.710064
New Zealand,2014,40.679625
New Zealand,2015,41.622831
New Zealand,2016,41.241456
New Zealand,2017,41.303712
New Zealand,2018,42.146039
New Zealand,2019,41.888102
New Zealand,2020,42.628104
New Zealand,2021,43.67593
New Zealand,2022,43.438061
Norway,1970,28.489686
Norway,1971,30.187862
Norway,1972,32.014474
Norway,1973,33.500027
Norway,1974,34.754489
Norway,1975,36.191181
Norway,1976,38.195929
Norway,1977,39.504693
Norway,1978,41.227019
Norway,1979,43.029673
Norway,1980,43.9125
Norway,1981,44.293616
Norway,1982,44.68994
Norway,1983,46.75771
Norway,1984,49.375193
Norway,1985,50.909072
Norway,1986,51.427043
Norway,1987,52.182007
Norway,1988,52.227963
Norway,1989,54.421418
Norway,1990,56.253286
Norway,1991,58.640586
Norway,1992,60.476597
Norway,1993,61.850935
Norway,1994,64.158093
Norway,1995,66.160953
Norway,1996,68.30641
Norway,1997,70.063617
Norway,1998,70.147967
Norway,1999,71.00691
Norway,2000,73.801321
Norway,2001,76.537053
Norway,2002,78.183876
Norway,2003,80.722504
Norway,2004,82.393083
Norway,2005,83.303
Norway,2006,82.755687
Norway,2007,81.266766
Norway,2008,78.861584
Norway,2009,78.797682
Norway,2010,79.200218
Norway,2011,78.674464
Norway,2012,79.359797
Norway,2013,79.849548
Norway,2014,80.488668
Norway,2015,81.517077
Norway,2016,82.063215
Norway,2017,83.761641
Norway,2018,83.113366
Norway,2019,82.793848
Norway,2020,83.542256
Norway,2021,84.774473
Norway,2022,84.332902
Poland,1993,14.541096
Poland,1994,15.259854
Poland,1995,16.48383
Poland,1996,17.156022
Poland,1997,18.056551
Poland,1998,18.905772
Poland,1999,20.605428
Poland,2000,22.242809
Poland,2001,23.011311
Poland,2002,24.271393
Poland,2003,25.3468
Poland,2004,26.307045
Poland,2005,26.72517
Poland,2006,27.469543
Poland,2007,28.184305
Poland,2008,28.402336
Poland,2009,29.321396
Poland,2010,31.083531
Poland,2011,32.549662
Poland,2012,33.099257
Poland,2013,33.466584
Poland,2014,34.050522
Poland,2015,34.879786
Poland,2016,35.57778
Poland,2017,37.315221
Poland,2018,39.854227
Poland,2019,41.752351
Poland,2020,41.230426
Poland,2021,41.603775
Poland,2022,43.879172
Portugal,1970,15.880394
Portugal,1971,16.745872
Portugal,1972,18.29197
Portugal,1973,20.624055
Portugal,1974,19.606449
Portugal,1975,18.022811
Portugal,1976,19.112005
Portugal,1977,20.187486
Portugal,1978,20.930545
Portugal,1979,21.970377
Portugal,1980,22.605069
Portugal,1981,23.000195
Portugal,1982,23.645608
Portugal,1983,22.690383
Portugal,1984,22.456438
Portugal,1985,23.324572
Portugal,1986,24.397388
Portugal,1987,25.082649
Portugal,1988,26.284805
Portugal,1989,27.06945
Portugal,1990,27.709827
Portugal,1991,29.156919
Portugal,1992,30.204069
Portugal,1993,30.166929
Portugal,1994,30.361154
Portugal,1995,30.786635
Portugal,1996,31.322931
Portugal,1997,31.951282
Portugal,1998,32.309727
Portugal,1999,33.030209
Portugal,2000,33.384117
Portugal,2001,33.739824
Portugal,2002,33.992968
Portugal,2003,34.131577
Portugal,2004,34.875984
Portugal,2005,35.272311
Portugal,2006,35.927999
Portugal,2007,36.491639
Portugal,2008,36.72766
Portugal,2009,36.569424
Portugal,2010,37.685604
Portugal,2011,38.24525
Portugal,2012,38.619119
Portugal,2013,39.177468
Portugal,2014,38.779614
Portugal,2015,38.771568
Portugal,2016,38.796107
Portugal,2017,39.111942
Portugal,2018,39.075294
Portugal,2019,39.667314
Portugal,2020,40.114162
Portugal,2021,40.516608
Portugal,2022,42.706797
Slovakia,1995,18.990245
Slovakia,1996,20.198218
Slovakia,1997,21.495784
Slovakia,1998,22.578377
Slovakia,1999,23.212321
Slovakia,2000,23.959311
Slovakia,2001,24.800377
Slovakia,2002,26.583421
Slovakia,2003,28.668586
Slovakia,2004,29.479998
Slovakia,2005,30.452693
Slovakia,2006,32.274839
Slovakia,2007,34.710747
Slovakia,2008,35.458839
Slovakia,2009,34.443631
Slovakia,2010,36.808876
Slovakia,2011,37.384872
Slovakia,2012,37.942721
Slovakia,2013,38.860596
Slovakia,2014,39.622443
Slovakia,2015,40.990746
Slovakia,2016,41.14646
Slovakia,2017,42.075311
Slovakia,2018,43.157588
Slovakia,2019,44.092097
Slovakia,2020,46.756698
Slovakia,2021,48.969169
Slovakia,2022,47.747745
Spain,1970,19.456437
Spain,1971,20.253952
Spain,1972,21.883236
Spain,1973,23.265782
Spain,1974,24.326337
Spain,1975,24.740526
Spain,1976,25.741292
Spain,1977,26.693897
Spain,1978,27.943932
Spain,1979,29.079613
Spain,1980,30.841905
Spain,1981,32.128654
Spain,1982,33.182275
Spain,1983,34.482236
Spain,1984,36.785874
Spain,1985,38.24413
Spain,1986,38.768986
Spain,1987,39.226531
Spain,1988,39.921613
Spain,1989,40.663355
Spain,1990,40.609767
Spain,1991,40.938659
Spain,1992,42.094594
Spain,1993,43.074685
Spain,1994,44.336274
Spain,1995,44.707089
Spain,1996,45.202211
Spain,1997,45.126603
Spain,1998,44.913991
Spain,1999,44.755693
Spain,2000,44.963723
Spain,2001,45.035756
Spain,2002,45.105579
Spain,2003,45.239819
Spain,2004,45.384816
Spain,2005,45.562108
Spain,2006,45.828539
Spain,2007,46.335067
Spain,2008,46.454358
Spain,2009,47.573943
Spain,2010,48.783311
Spain,2011,49.503478
Spain,2012,50.458453
Spain,2013,51.203041
Spain,2014,51.361566
Spain,2015,51.769513
Spain,2016,52.006193
Spain,2017,52.460584
Spain,2018,52.34069
Spain,2019,52.631029
Spain,2020,52.648278
Spain,2021,51.829924
Spain,2022,52.527658
Sweden,1970,30.574456
Sweden,1971,31.506119
Sweden,1972,32.896871
Sweden,1973,34.406383
Sweden,1974,35.223746
Sweden,1975,35.955941
Sweden,1976,35.942293
Sweden,1977,36.039202
Sweden,1978,37.405358
Sweden,1979,38.620364
Sweden,1980,38.812151
Sweden,1981,39.157097
Sweden,1982,39.357867
Sweden,1983,39.755325
Sweden,1984,41.014809
Sweden,1985,41.366402
Sweden,1986,42.273694
Sweden,1987,43.067054
Sweden,1988,43.018406
Sweden,1989,43.581046
Sweden,1990,43.591433
Sweden,1991,44.140245
Sweden,1992,45.139694
Sweden,1993,46.12127
Sweden,1994,47.217582
Sweden,1995,48.138995
Sweden,1996,48.925467
Sweden,1997,50.933771
Sweden,1998,52.283903
Sweden,1999,53.089067
Sweden,2000,55.003831
Sweden,2001,55.439481
Sweden,2002,57.448729
Sweden,2003,59.62107
Sweden,2004,61.719788
Sweden,2005,63.473288
Sweden,2006,65.301313
Sweden,2007,65.489276
Sweden,2008,64.336167
Sweden,2009,63.430047
Sweden,2010,65.653328
Sweden,2011,66.185529
Sweden,2012,65.868736
Sweden,2013,66.395834
Sweden,2014,67.152902
Sweden,2015,69.074511
Sweden,2016,68.649665
Sweden,2017,69.261329
Sweden,2018,69.514519
Sweden,2019,71.101216
Sweden,2020,71.857873
Sweden,2021,73.823633
Sweden,2022,74.042755
Switzerland,1970,41.148254
Switzerland,1971,42.288395
Switzerland,1972,43.561998
Switzerland,1973,45.064
Switzerland,1974,46.448237
Switzerland,1975,45.436795
Switzerland,1976,46.218488
Switzerland,1977,47.81089
Switzerland,1978,47.9036
Switzerland,1979,48.912509
Switzerland,1980,50.411086
Switzerland,1981,50.58097
Switzerland,1982,49.977376
Switzerland,1983,50.714429
Switzerland,1984,52.297889
Switzerland,1985,53.341694
Switzerland,1986,53.386904
Switzerland,1987,52.968169
Switzerland,1988,53.332513
Switzerland,1989,54.661051
Switzerland,1990,55.236825
Switzerland,1991,53.816405
Switzerland,1992,54.292682
Switzerland,1993,54.789842
Switzerland,1994,55.173567
Switzerland,1995,56.157853
Switzerland,1996,57.36036
Switzerland,1997,59.07094
Switzerland,1998,59.777296
Switzerland,1999,59.513008
Switzerland,2000,61.43702
Switzerland,2001,62.847795
Switzerland,2002,63.171539
Switzerland,2003,62.87144
Switzerland,2004,63.23669
Switzerland,2005,64.693828
Switzerland,2006,66.315161
Switzerland,2007,67.595243
Switzerland,2008,68.253612
Switzerland,2009,66.723475
Switzerland,2010,68.620315
Switzerland,2011,68.227615
Switzerland,2012,68.49478
Switzerland,2013,69.759903
Switzerland,2014,70.447419
Switzerland,2015,69.982344
Switzerland,2016,70.431631
Switzerland,2017,71.561236
Switzerland,2018,73.212853
Switzerland,2019,73.619376
Switzerland,2020,74.655861
Switzerland,2021,75.909195
Switzerland,2022,76.498583
Turkey,1970,11.177786
Turkey,1971,11.652401
Turkey,1972,12.22939
Turkey,1973,12.450193
Turkey,1974,12.919628
Turkey,1975,13.786742
Turkey,1976,15.139833
Turkey,1977,15.297652
Turkey,1978,15.448878
Turkey,1979,15.256117
Turkey,1980,14.754563
Turkey,1981,15.396889
Turkey,1982,15.840796
Turkey,1983,16.533193
Turkey,1984,17.975903
Turkey,1985,18.171457
Turkey,1986,19.253553
Turkey,1987,21.053958
Turkey,1988,21.266639
Turkey,1989,20.454308
Turkey,1990,21.988263
Turkey,1991,21.305202
Turkey,1992,22.066973
Turkey,1993,24.784925
Turkey,1994,22.068673
Turkey,1995,23.127624
Turkey,1996,23.850784
Turkey,1997,25.824555
Turkey,1998,25.854493
Turkey,1999,24.186093
Turkey,2000,26.246346
Turkey,2001,24.681869
Turkey,2002,26.339978
Turkey,2003,28.078322
Turkey,2004,30.644277
Turkey,2005,32.580282
Turkey,2006,34.111688
Turkey,2007,35.924232
Turkey,2008,35.805009
Turkey,2009,34.328244
Turkey,2010,35.19322
Turkey,2011,37.128369
Turkey,2012,37.905972
Turkey,2013,40.465033
Turkey,2014,40.443125
Turkey,2015,42.094218
Turkey,2016,43.044787
Turkey,2017,45.090563
Turkey,2018,46.227634
Turkey,2019,47.988606
Turkey,2020,56.539377
Turkey,2021,53.129297
Turkey,2022,52.752607
United Kingdom,1970,23.724381
United Kingdom,1971,25.271841
United Kingdom,1972,26.765727
United Kingdom,1973,27.253007
United Kingdom,1974,27.057021
United Kingdom,1975,26.832224
United Kingdom,1976,28.031036
United Kingdom,1977,28.989472
United Kingdom,1978,30.379931
United Kingdom,1979,31.336922
United Kingdom,1980,31.636437
United Kingdom,1981,33.528829
United Kingdom,1982,34.526884
United Kingdom,1983,36.349717
United Kingdom,1984,36.019851
United Kingdom,1985,36.428395
United Kingdom,1986,37.387926
United Kingdom,1987,38.770868
United Kingdom,1988,38.693878
United Kingdom,1989,38.853925
United Kingdom,1990,39.289897
United Kingdom,1991,40.082329
United Kingdom,1992,41.994865
United Kingdom,1993,43.518126
United Kingdom,1994,44.579615
United Kingdom,1995,45.203589
United Kingdom,1996,45.638263
United Kingdom,1997,46.863872
United Kingdom,1998,47.993626
United Kingdom,1999,49.044535
United Kingdom,2000,50.939328
United Kingdom,2001,51.458619
United Kingdom,2002,52.581716
United Kingdom,2003,54.008227
United Kingdom,2004,54.686746
United Kingdom,2005,55.156626
United Kingdom,2006,56.070347
United Kingdom,2007,56.864362
United Kingdom,2008,56.899648
United Kingdom,2009,55.52849
United Kingdom,2010,57.078368
United Kingdom,2011,57.090117
United Kingdom,2012,56.706058
United Kingdom,2013,56.978563
United Kingdom,2014,57.118628
United Kingdom,2015,58.134286
United Kingdom,2016,57.91861
United Kingdom,2017,58.965284
United Kingdom,2018,59.243917
United Kingdom,2019,59.515367
United Kingdom,2020,60.175735
United Kingdom,2021,59.153539
United Kingdom,2022,59.609593
United States,1970,33.708826
United States,1971,34.972937
United States,1972,35.823553
United States,1973,36.673833
United States,1974,36.342967
United States,1975,37.337947
United States,1976,38.242547
United States,1977,38.650575
United States,1978,38.956695
United States,1979,39.131168
United States,1980,39.139085
United States,1981,40.047014
United States,1982,39.918352
United States,1983,41.010658
United States,1984,41.86562
United States,1985,42.635509
United States,1986,43.599936
United States,1987,43.916782
United States,1988,44.424496
United States,1989,44.815883
United States,1990,45.583299
United States,1991,46.180488
United States,1992,47.766894
United States,1993,47.94876
United States,1994,48.354938
United States,1995,48.461331
United States,1996,49.666111
United States,1997,50.386032
United States,1998,51.519575
United States,1999,53.041436
United States,2000,54.498167
United States,2001,55.693841
United States,2002,57.234571
United States,2003,58.965218
United States,2004,60.508037
United States,2005,61.772075
United States,2006,62.356937
United States,2007,63.232583
United States,2008,64.042431
United States,2009,66.089234
United States,2010,67.835887
United States,2011,67.86187
United States,2012,68.118059
United States,2013,68.407849
United States,2014,68.665009
United States,2015,69.047471
United States,2016,69.256659
United States,2017,69.876907
United States,2018,70.664702
United States,2019,71.520554
United States,2020,73.957559
United States,2021,74.838217
United States,2022,73.989507
Chile,1986,9.74371
Chile,1987,9.979245
Chile,1988,10.092077
Chile,1989,10.549299
Chile,1990,10.672489
Chile,1991,11.363776
Chile,1992,12.223512
Chile,1993,12.50875
Chile,1994,13.246027
Chile,1995,14.644869
Chile,1996,15.634374
Chile,1997,16.890959
Chile,1998,16.907372
Chile,1999,17.275304
Chile,2000,17.914007
Chile,2001,18.467891
Chile,2002,18.642398
Chile,2003,18.913713
Chile,2004,19.66666
Chile,2005,20.756781
Chile,2006,21.576243
Chile,2007,22.452243
Chile,2008,22.983801
Chile,2009,23.12702
Chile,2010,22.047521
Chile,2011,22.524161
Chile,2012,23.647491
Chile,2013,23.9972
Chile,2014,24.41223
Chile,2015,24.525405
Chile,2016,24.869271
Chile,2017,24.794087
Chile,2018,25.319539
Chile,2019,25.297552
Chile,2020,28.548382
Chile,2021,28.94544
Chile,2022,27.121526
Estonia,2000,21.160621
Estonia,2001,22.388778
Estonia,2002,23.882277
Estonia,2003,25.08695
Estonia,2004,26.791231
Estonia,2005,28.378675
Estonia,2006,29.809296
Estonia,2007,32.048907
Estonia,2008,30.941251
Estonia,2009,31.593052
Estonia,2010,33.275193
Estonia,2011,32.726987
Estonia,2012,33.827583
Estonia,2013,34.258793
Estonia,2014,35.143099
Estonia,2015,34.941294
Estonia,2016,35.870628
Estonia,2017,36.924931
Estonia,2018,39.328419
Estonia,2019,40.593175
Estonia,2020,42.94026
Estonia,2021,42.911145
Estonia,2022,40.424262
Israel,1981,26.111432
Israel,1982,26.563379
Israel,1983,26.708053
Israel,1984,26.491097
Israel,1985,27.39615
Israel,1986,28.140617
Israel,1987,29.307205
Israel,1988,29.856905
Israel,1989,29.476501
Israel,1990,31.003677
Israel,1991,31.776
Israel,1992,31.594672
Israel,1993,31.386129
Israel,1994,30.958923
Israel,1995,30.644819
Israel,1996,30.958403
Israel,1997,31.240888
Israel,1998,32.083216
Israel,1999,31.97473
Israel,2000,33.24585
Israel,2001,33.650959
Israel,2002,33.07457
Israel,2003,33.433582
Israel,2004,34.949996
Israel,2005,35.423816
Israel,2006,36.576262
Israel,2007,36.977028
Israel,2008,36.936883
Israel,2009,36.52723
Israel,2010,37.589981
Israel,2011,38.747445
Israel,2012,38.761111
Israel,2013,39.681708
Israel,2014,40.434969
Israel,2015,40.498081
Israel,2016,40.841654
Israel,2017,41.611018
Israel,2018,42.741589
Israel,2019,44.129545
Israel,2020,46.914607
Israel,2021,47.5725
Israel,2022,47.520145
Russia,1995,15.397122
Russia,1996,15.06638
Russia,1997,15.515728
Russia,1998,15.16347
Russia,1999,14.84125
Russia,2000,15.655187
Russia,2001,16.45549
Russia,2002,16.822009
Russia,2003,18.010897
Russia,2004,19.061609
Russia,2005,20.051286
Russia,2006,21.373371
Russia,2007,22.622358
Russia,2008,23.700889
Russia,2009,22.631987
Russia,2010,23.414143
Russia,2011,24.058067
Russia,2012,24.74773
Russia,2013,25.261952
Russia,2014,25.331478
Russia,2015,24.649304
Russia,2016,24.7235
Russia,2017,25.137929
Russia,2018,25.884473
Russia,2019,26.698227
Russia,2020,27.680927
Slovenia,1995,24.696415
Slovenia,1996,26.425819
Slovenia,1997,28.48187
Slovenia,1998,29.222361
Slovenia,1999,30.282513
Slovenia,2000,31.263905
Slovenia,2001,32.355075
Slovenia,2002,32.497236
Slovenia,2003,33.50062
Slovenia,2004,34.599443
Slovenia,2005,36.938074
Slovenia,2006,39.128271
Slovenia,2007,40.808356
Slovenia,2008,40.752803
Slovenia,2009,38.181149
Slovenia,2010,39.491962
Slovenia,2011,40.925467
Slovenia,2012,40.691154
Slovenia,2013,40.292879
Slovenia,2014,40.753894
Slovenia,2015,40.981064
Slovenia,2016,42.404997
Slovenia,2017,44.000646
Slovenia,2018,45.061827
Slovenia,2019,45.540786
Slovenia,2020,45.85871
Slovenia,2021,47.075129
Slovenia,2022,47.658033
Latvia,1995,12.880747
Latvia,1996,13.152767
Latvia,1997,13.736525
Latvia,1998,14.670329
Latvia,1999,15.338115
Latvia,2000,16.745765
Latvia,2001,17.446368
Latvia,2002,18.724063
Latvia,2003,20.237339
Latvia,2004,22.271015
Latvia,2005,23.911079
Latvia,2006,25.497929
Latvia,2007,27.53466
Latvia,2008,27.520156
Latvia,2009,28.25332
Latvia,2010,29.176747
Latvia,2011,29.230218
Latvia,2012,31.122516
Latvia,2013,31.138166
Latvia,2014,31.986784
Latvia,2015,33.400119
Latvia,2016,34.28198
Latvia,2017,35.729988
Latvia,2018,36.372585
Latvia,2019,38.031717
Latvia,2020,39.391199
Latvia,2021,41.435848
Latvia,2022,42.816675
Lithuania,1995,15.727769
Lithuania,1996,16.410157
Lithuania,1997,17.611372
Lithuania,1998,18.579601
Lithuania,1999,19.347571
Lithuania,2000,19.593935
Lithuania,2001,21.856728
Lithuania,2002,22.887271
Lithuania,2003,24.986965
Lithuania,2004,25.6167
Lithuania,2005,27.339843
Lithuania,2006,29.589
Lithuania,2007,31.701293
Lithuania,2008,32.47929
Lithuania,2009,31.06983
Lithuania,2010,32.836845
Lithuania,2011,35.093396
Lithuania,2012,35.808703
Lithuania,2013,36.906196
Lithuania,2014,37.617934
Lithuania,2015,37.321585
Lithuania,2016,36.946175
Lithuania,2017,39.684589
Lithuania,2018,40.535723
Lithuania,2019,42.133586
Lithuania,2020,44.685106
Lithuania,2021,46.083452
Lithuania,2022,44.566966
South Africa,2001,15.876697
South Africa,2002,16.567479
South Africa,2003,17.753931
South Africa,2004,18.022495
South Africa,2005,17.469945
South Africa,2006,18.189686
South Africa,2007,19.043363
South Africa,2008,18.446211
South Africa,2009,18.952649
South Africa,2010,20.225573
South Africa,2011,20.299933
South Africa,2012,20.516167
South Africa,2013,20.514456
South Africa,2014,20.533058
South Africa,2015,22.553865
South Africa,2016,19.938277
South Africa,2017,19.927223
South Africa,2018,19.859829
South Africa,2019,19.803255
South Africa,2020,21.265347
South Africa,2021,23.768756
Costa Rica,1991,12.395066
Costa Rica,1992,12.526999
Costa Rica,1993,12.755563
Costa Rica,1994,12.619753
Costa Rica,1995,12.875718
Costa Rica,1996,12.927027
Costa Rica,1997,12.742868
Costa Rica,1998,12.883903
Costa Rica,1999,13.181781
Costa Rica,2000,13.419427
Costa Rica,2001,13.340478
Costa Rica,2002,13.431107
Costa Rica,2003,13.62039
Costa Rica,2004,13.961451
Costa Rica,2005,13.718511
Costa Rica,2006,14.259665
Costa Rica,2007,14.453706
Costa Rica,2008,14.909054
Costa Rica,2009,15.331663
Costa Rica,2010,17.122775
Costa Rica,2011,17.944786
Costa Rica,2012,17.694625
Costa Rica,2013,18.620355
Costa Rica,2014,19.093774
Costa Rica,2015,19.707747
Costa Rica,2016,20.571849
Costa Rica,2017,21.056646
Costa Rica,2018,21.446167
Costa Rica,2019,22.038536
Costa Rica,2020,25.395334
Costa Rica,2021,24.023111
Costa Rica,2022,22.861341
Bulgaria,1995,14.602168
Bulgaria,1996,14.974197
Bulgaria,1997,13.278574
Bulgaria,1998,14.404826
Bulgaria,1999,13.629741
Bulgaria,2000,14.862773
Bulgaria,2001,15.439256
Bulgaria,2002,16.314321
Bulgaria,2003,16.784926
Bulgaria,2004,17.183126
Bulgaria,2005,17.966568
Bulgaria,2006,18.619432
Bulgaria,2007,19.242376
Bulgaria,2008,19.490905
Bulgaria,2009,19.717805
Bulgaria,2010,20.847859
Bulgaria,2011,21.781564
Bulgaria,2012,22.497289
Bulgaria,2013,22.460791
Bulgaria,2014,22.607469
Bulgaria,2015,23.29615
Bulgaria,2016,23.897692
Bulgaria,2017,24.13014
Bulgaria,2018,24.784269
Bulgaria,2019,25.687424
Bulgaria,2020,25.891579
Bulgaria,2021,27.563882
Bulgaria,2022,28.147053
Croatia,1995,21.785687
Croatia,1996,23.124422
Croatia,1997,24.547213
Croatia,1998,25.1768
Croatia,1999,24.952529
Croatia,2000,25.760961
Croatia,2001,26.746861
Croatia,2002,28.097424
Croatia,2003,28.966443
Croatia,2004,29.923414
Croatia,2005,30.929969
Croatia,2006,31.448167
Croatia,2007,31.992268
Croatia,2008,31.953754
Croatia,2009,29.897037
Croatia,2010,30.484762
Croatia,2011,31.754348
Croatia,2012,32.447392
Croatia,2013,33.512265
Croatia,2014,32.816506
Croatia,2015,34.389737
Croatia,2016,35.377362
Croatia,2017,35.921349
Croatia,2018,36.245766
Croatia,2019,35.842512
Croatia,2020,33.237924
Croatia,2021,37.112182
Croatia,2022,38.518664
Romania,1995,11.794007
Romania,1996,12.4063
Romania,1997,11.711134
Romania,1998,11.839001
Romania,1999,11.999411
Romania,2000,12.370756
Romania,2001,13.159567
Romania,2002,15.362271
Romania,2003,15.98718
Romania,2004,17.905517
Romania,2005,18.89548
Romania,2006,20.434242
Romania,2007,21.555029
Romania,2008,23.947793
Romania,2009,23.740214
Romania,2010,23.255132
Romania,2011,24.767085
Romania,2012,25.404126
Romania,2013,25.770673
Romania,2014,26.836828
Romania,2015,28.146387
Romania,2016,28.902672
Romania,2017,30.938581
Romania,2018,32.753263
Romania,2019,33.669318
Romania,2020,33.993065
Romania,2021,34.376225
Romania,2022,35.892271
Colombia,1975,8.055505
Colombia,1976,8.197824
Colombia,1977,8.198547
Colombia,1978,8.689823
Colombia,1979,8.939717
Colombia,1980,9.157818
Colombia,1981,9.019506
Colombia,1982,9.010562
Colombia,1983,9.198652
Colombia,1984,9.430661
Colombia,1985,9.506003
Colombia,1986,9.747007
Colombia,1987,9.831656
Colombia,1988,9.95126
Colombia,1989,9.88
Colombia,1990,10.084559
Colombia,1991,9.727808
Colombia,1992,10.029618
Colombia,1993,9.932996
Colombia,1994,10.034249
Colombia,1995,10.113275
Colombia,1996,10.215429
Colombia,1997,10.34576
Colombia,1998,10.421728
Colombia,1999,10.028326
Colombia,2000,9.652419
Colombia,2001,9.690187
Colombia,2002,9.482174
Colombia,2003,9.500538
Colombia,2004,10.052163
Colombia,2005,10.232035
Colombia,2006,10.890402
Colombia,2007,11.347122
Colombia,2008,11.360227
Colombia,2009,11.063533
Colombia,2010,11.114892
Colombia,2011,11.496924
Colombia,2012,11.629282
Colombia,2013,12.052849
Colombia,2014,12.371221
Colombia,2015,12.488134
Colombia,2016,12.724875
Colombia,2017,12.862402
Colombia,2018,13.050834
Colombia,2019,13.46144
Colombia,2020,16.080512
Colombia,2021,14.347454
Colombia,2022,14.274572
